Feature,Importance
Residual,0.19837317002343352
Rolling_Std_3,0.1109140978511447
Rolling_Mean_12,0.10490816048642032
EMA_3,0.09179715173135017
EMA_12,0.06483843348756424
Lag_6,0.05744591882113292
Lag_12,0.05353210400190087
Cos_Month,0.0330044036249828
Sin_Quarter,0.029776752251830293
Sin_Month,0.02967651389619578
Rolling_Std_6,0.02805554265837933
Rolling_Std_12,0.02705311302955753
Seasonal,0.02472016420742355
Lag_2,0.019288409424377796
Lag_3,0.019030035938455116
Trend,0.017462412239123575
Rolling_Mean_6,0.015109952969665556
Rolling_Max_6,0.014691390369178407
YoY_Growth,0.011978782113414584
Rolling_Mean_3,0.011520252979111615
Lag_1,0.009160228359427315
Momentum_12,0.0062121843492269745
Momentum_6,0.005939625334120876
Rolling_Max_12,0.005558254920400329
Rolling_Min_3,0.004085161064469697
Rolling_Max_3,0.0029465347347794337
Cos_Quarter,0.0018941734517719422
Count,0.0008681636221468035
Rolling_Min_6,0.00010394572276115816
Rolling_Min_12,5.496633625275691e-05
