Date,Ensemble_Prediction,Attention_LSTM_Prediction,Transformer_Prediction,Deep_MLP_Prediction,RandomForest_Prediction,GradientBoosting_Prediction,ExtraTrees_Prediction,ARIMA_Prediction,ExpSmoothing_Prediction
2025-12-01,inf,inf,inf,inf,inf,inf,inf,inf,inf
2026-01-01,inf,inf,inf,inf,inf,inf,inf,inf,inf
2026-02-01,inf,inf,inf,inf,inf,inf,inf,inf,inf
2026-03-01,inf,inf,inf,inf,inf,inf,inf,inf,inf
2026-04-01,inf,inf,inf,inf,inf,inf,inf,inf,inf
2026-05-01,inf,inf,inf,inf,inf,inf,inf,inf,inf
2026-06-01,inf,inf,inf,inf,inf,inf,inf,inf,inf
2026-07-01,inf,inf,inf,inf,inf,inf,inf,inf,inf
2026-08-01,inf,inf,inf,inf,inf,inf,inf,inf,inf
2026-09-01,inf,inf,inf,inf,inf,inf,inf,inf,inf
2026-10-01,inf,inf,inf,inf,inf,inf,inf,inf,inf
2026-11-01,inf,inf,inf,inf,inf,inf,inf,inf,inf
2026-12-01,inf,inf,inf,inf,inf,inf,inf,inf,inf
2027-01-01,inf,inf,inf,inf,inf,inf,inf,inf,inf
2027-02-01,inf,inf,inf,inf,inf,inf,inf,inf,inf
2027-03-01,inf,inf,inf,inf,inf,inf,inf,inf,inf
2027-04-01,inf,inf,inf,inf,inf,inf,inf,inf,inf
2027-05-01,inf,inf,inf,inf,inf,inf,inf,inf,inf
2027-06-01,inf,inf,inf,inf,inf,inf,inf,inf,inf
2027-07-01,inf,inf,inf,inf,inf,inf,inf,inf,inf
2027-08-01,inf,inf,inf,inf,inf,inf,inf,inf,inf
2027-09-01,inf,inf,inf,inf,inf,inf,inf,inf,inf
2027-10-01,inf,inf,inf,inf,inf,inf,inf,inf,inf
2027-11-01,inf,inf,inf,inf,inf,inf,inf,inf,inf
2027-12-01,inf,inf,inf,inf,inf,inf,inf,inf,inf
2028-01-01,inf,inf,inf,inf,inf,inf,inf,inf,inf
2028-02-01,inf,inf,inf,inf,inf,inf,inf,inf,inf
2028-03-01,inf,inf,inf,inf,inf,inf,inf,inf,inf
2028-04-01,inf,inf,inf,inf,inf,inf,inf,inf,inf
2028-05-01,inf,inf,inf,inf,inf,inf,inf,inf,inf
2028-06-01,inf,inf,inf,inf,inf,inf,inf,inf,inf
2028-07-01,inf,inf,inf,inf,inf,inf,inf,inf,inf
2028-08-01,inf,inf,inf,inf,inf,inf,inf,inf,inf
2028-09-01,inf,inf,inf,inf,inf,inf,inf,inf,inf
2028-10-01,inf,inf,inf,0.0,inf,inf,inf,inf,inf
2028-11-01,inf,inf,inf,inf,inf,inf,inf,inf,inf
2028-12-01,inf,inf,inf,inf,inf,inf,inf,inf,inf
2029-01-01,inf,inf,inf,inf,inf,inf,inf,inf,inf
2029-02-01,inf,inf,inf,inf,inf,inf,inf,inf,inf
2029-03-01,inf,inf,inf,inf,inf,inf,inf,inf,inf
2029-04-01,inf,inf,inf,inf,inf,inf,inf,inf,inf
2029-05-01,inf,inf,inf,inf,inf,inf,inf,inf,inf
2029-06-01,inf,inf,inf,inf,inf,inf,inf,inf,inf
2029-07-01,inf,inf,inf,inf,inf,inf,inf,inf,inf
2029-08-01,inf,inf,inf,inf,inf,inf,inf,inf,inf
2029-09-01,inf,inf,inf,inf,inf,inf,inf,inf,inf
2029-10-01,inf,inf,inf,inf,inf,inf,inf,inf,inf
2029-11-01,inf,inf,inf,inf,inf,inf,inf,inf,inf
2029-12-01,inf,inf,inf,inf,inf,inf,inf,inf,inf
2030-01-01,inf,inf,inf,inf,inf,inf,inf,inf,inf
2030-02-01,inf,inf,inf,inf,inf,inf,inf,inf,inf
2030-03-01,inf,inf,inf,inf,inf,inf,inf,inf,inf
2030-04-01,inf,inf,inf,inf,inf,inf,inf,inf,inf
2030-05-01,inf,inf,inf,inf,inf,inf,inf,inf,inf
2030-06-01,inf,inf,inf,inf,inf,inf,inf,inf,inf
2030-07-01,inf,inf,inf,inf,inf,inf,inf,inf,inf
2030-08-01,inf,inf,inf,inf,inf,inf,inf,inf,inf
2030-09-01,inf,inf,inf,inf,inf,inf,inf,inf,inf
2030-10-01,inf,inf,inf,inf,inf,inf,inf,inf,inf
2030-11-01,inf,inf,inf,inf,inf,inf,inf,inf,inf
