Date,Count,Month,Year,Sin_Month,Cos_Month,Lag_1,Lag_3,Lag_6,Lag_12,Rolling_Mean_3,Rolling_Std_3,Momentum,Trend,Seasonal
2021-01-01,5.0,1,2021,0.49999999999999994,0.8660254037844387,6.0,1.0,1.0,4.0,2.6666666666666665,2.886751345948129,1.0,1.7916666666666665,1.9571180555555554
2021-02-01,0.0,2,2021,0.8660254037844386,0.5000000000000001,5.0,1.0,2.0,0.0,4.0,2.6457513110645907,0.0,2.0,1.7321180555555553
2021-03-01,0.0,3,2021,1.0,6.123233995736766e-17,0.0,6.0,2.0,2.0,3.6666666666666665,3.214550253664319,-2.0,2.0416666666666665,-0.5012152777777776
2021-04-01,0.0,4,2021,0.8660254037844387,-0.49999999999999983,0.0,5.0,1.0,0.0,1.6666666666666667,2.8867513459481295,0.0,2.0416666666666665,-1.1262152777777779
2021-05-01,1.0,5,2021,0.49999999999999994,-0.8660254037844387,0.0,0.0,1.0,2.0,0.0,0.0,-1.0,2.125,-0.7262152777777777
2021-06-01,4.0,6,2021,1.2246467991473532e-16,-1.0,1.0,0.0,6.0,1.0,0.3333333333333333,0.5773502691896297,3.0,2.208333333333333,-0.9178819444444445
2021-07-01,3.0,7,2021,-0.4999999999999998,-0.8660254037844388,4.0,0.0,5.0,1.0,1.6666666666666667,2.0816659994661335,2.0,2.1666666666666665,0.10503472222222218
2021-08-01,1.0,8,2021,-0.8660254037844384,-0.5000000000000004,3.0,1.0,0.0,2.0,2.6666666666666665,1.5275252316519474,-1.0,2.0416666666666665,0.1571180555555556
2021-09-01,3.0,9,2021,-1.0,-1.8369701987210297e-16,1.0,4.0,0.0,2.0,2.6666666666666665,1.5275252316519474,1.0,2.0416666666666665,-0.6762152777777778
2021-10-01,2.0,10,2021,-0.8660254037844386,0.5000000000000001,3.0,3.0,0.0,1.0,2.3333333333333335,1.1547005383792526,1.0,2.1666666666666665,0.11545138888888892
2021-11-01,2.0,11,2021,-0.5000000000000004,0.8660254037844384,2.0,1.0,1.0,1.0,2.0,1.0000000000000013,1.0,2.333333333333333,0.3321180555555556
2021-12-01,4.0,12,2021,-2.4492935982947064e-16,1.0,2.0,3.0,4.0,6.0,2.3333333333333335,0.5773502691896281,-2.0,2.4166666666666665,-0.45121527777777776
2022-01-01,4.0,1,2022,0.49999999999999994,0.8660254037844387,4.0,2.0,3.0,5.0,2.6666666666666665,1.1547005383792528,-1.0,2.333333333333333,1.9571180555555554
2022-02-01,1.0,2,2022,0.8660254037844386,0.5000000000000001,4.0,2.0,1.0,0.0,3.3333333333333335,1.1547005383792528,1.0,2.125,1.7321180555555553
2022-03-01,2.0,3,2022,1.0,6.123233995736766e-17,1.0,4.0,3.0,0.0,3.0,1.732050807568878,2.0,1.958333333333333,-0.5012152777777776
2022-04-01,2.0,4,2022,0.8660254037844387,-0.49999999999999983,2.0,4.0,2.0,0.0,2.3333333333333335,1.5275252316519476,2.0,1.7916666666666665,-1.1262152777777779
2022-05-01,1.0,5,2022,0.49999999999999994,-0.8660254037844387,2.0,1.0,2.0,1.0,1.6666666666666667,0.5773502691896283,0.0,1.6666666666666665,-0.7262152777777777
2022-06-01,2.0,6,2022,1.2246467991473532e-16,-1.0,1.0,2.0,4.0,4.0,1.6666666666666667,0.5773502691896283,-2.0,1.625,-0.9178819444444445
2022-07-01,0.0,7,2022,-0.4999999999999998,-0.8660254037844388,2.0,2.0,4.0,3.0,1.6666666666666667,0.5773502691896283,-3.0,1.625,0.10503472222222218
2022-08-01,0.0,8,2022,-0.8660254037844384,-0.5000000000000004,0.0,1.0,1.0,1.0,1.0,1.0000000000000013,-1.0,1.5416666666666665,0.1571180555555556
2022-09-01,0.0,9,2022,-1.0,-1.8369701987210297e-16,0.0,2.0,2.0,3.0,0.6666666666666666,1.1547005383792528,-3.0,1.375,-0.6762152777777778
2022-10-01,2.0,10,2022,-0.8660254037844386,0.5000000000000001,0.0,0.0,2.0,2.0,0.0,0.0,0.0,1.25,0.11545138888888892
2022-11-01,1.0,11,2022,-0.5000000000000004,0.8660254037844384,2.0,0.0,1.0,2.0,0.6666666666666666,1.1547005383792528,-1.0,1.125,0.3321180555555556
2022-12-01,5.0,12,2022,-2.4492935982947064e-16,1.0,1.0,0.0,2.0,4.0,1.0,1.0000000000000013,1.0,1.0833333333333333,-0.45121527777777776
2023-01-01,1.0,1,2023,0.49999999999999994,0.8660254037844387,5.0,2.0,0.0,4.0,2.6666666666666665,2.0816659994661335,-3.0,1.0,1.9571180555555554
2023-02-01,0.0,2,2023,0.8660254037844386,0.5000000000000001,1.0,1.0,0.0,1.0,2.3333333333333335,2.3094010767585034,-1.0,1.0416666666666665,1.7321180555555553
2023-03-01,0.0,3,2023,1.0,6.123233995736766e-17,0.0,5.0,0.0,2.0,2.0,2.6457513110645907,-2.0,1.1666666666666665,-0.5012152777777776
2023-04-01,1.0,4,2023,0.8660254037844387,-0.49999999999999983,0.0,1.0,2.0,2.0,0.3333333333333333,0.5773502691896273,-1.0,1.1666666666666665,-1.1262152777777779
2023-05-01,1.0,5,2023,0.49999999999999994,-0.8660254037844387,1.0,0.0,1.0,1.0,0.3333333333333333,0.5773502691896273,0.0,1.1666666666666665,-0.7262152777777777
2023-06-01,0.0,6,2023,1.2246467991473532e-16,-1.0,1.0,0.0,5.0,2.0,0.6666666666666666,0.5773502691896273,-2.0,1.1666666666666665,-0.9178819444444445
2023-07-01,3.0,7,2023,-0.4999999999999998,-0.8660254037844388,0.0,1.0,1.0,0.0,0.6666666666666666,0.5773502691896274,3.0,1.0,0.10503472222222218
2023-08-01,0.0,8,2023,-0.8660254037844384,-0.5000000000000004,3.0,1.0,0.0,0.0,1.3333333333333333,1.5275252316519472,0.0,0.8333333333333333,0.1571180555555556
2023-09-01,0.0,9,2023,-1.0,-1.8369701987210297e-16,0.0,0.0,0.0,0.0,1.0,1.7320508075688776,0.0,0.875,-0.6762152777777778
2023-10-01,2.0,10,2023,-0.8660254037844386,0.5000000000000001,0.0,3.0,1.0,2.0,1.0,1.7320508075688776,0.0,0.9166666666666666,0.11545138888888892
2023-11-01,1.0,11,2023,-0.5000000000000004,0.8660254037844384,2.0,0.0,1.0,1.0,0.6666666666666666,1.1547005383792521,0.0,0.9166666666666665,0.3321180555555556
2023-12-01,1.0,12,2023,-2.4492935982947064e-16,1.0,1.0,0.0,0.0,5.0,1.0,1.0000000000000007,-4.0,0.875,-0.45121527777777776
2024-01-01,1.0,1,2024,0.49999999999999994,0.8660254037844387,1.0,2.0,3.0,1.0,1.3333333333333333,0.5773502691896271,0.0,0.8333333333333333,1.9571180555555554
2024-02-01,1.0,2,2024,0.8660254037844386,0.5000000000000001,1.0,1.0,0.0,0.0,1.0,0.0,1.0,0.75,1.7321180555555553
2024-03-01,0.0,3,2024,1.0,6.123233995736766e-17,1.0,1.0,0.0,0.0,1.0,0.0,0.0,0.7083333333333333,-0.5012152777777776
2024-04-01,1.0,4,2024,0.8660254037844387,-0.49999999999999983,0.0,1.0,2.0,1.0,0.6666666666666666,0.577350269189627,0.0,0.875,-1.1262152777777779
2024-05-01,0.0,5,2024,0.49999999999999994,-0.8660254037844387,1.0,1.0,1.0,1.0,0.6666666666666666,0.577350269189627,-1.0,0.9999999999999999,-0.7262152777777777
2024-06-01,0.0,6,2024,1.2246467991473532e-16,-1.0,0.0,0.0,1.0,0.0,0.3333333333333333,0.5773502691896268,0.0,0.9583333333333333,-0.9178819444444445
2024-07-01,1.0,7,2024,-0.4999999999999998,-0.8660254037844388,0.0,1.0,1.0,3.0,0.3333333333333333,0.5773502691896268,-2.0,0.9166666666666665,0.10503472222222218
2024-08-01,1.0,8,2024,-0.8660254037844384,-0.5000000000000004,1.0,0.0,1.0,0.0,0.3333333333333333,0.5773502691896268,1.0,1.0833333333333333,0.1571180555555556
2024-09-01,3.0,9,2024,-1.0,-1.8369701987210297e-16,1.0,0.0,0.0,0.0,0.6666666666666666,0.577350269189627,3.0,1.3333333333333333,-0.6762152777777778
2024-10-01,2.0,10,2024,-0.8660254037844386,0.5000000000000001,3.0,1.0,1.0,2.0,1.6666666666666667,1.1547005383792524,0.0,1.4166666666666665,0.11545138888888892
2024-11-01,0.0,11,2024,-0.5000000000000004,0.8660254037844384,2.0,1.0,0.0,1.0,2.0,1.0000000000000009,-1.0,1.375,0.3321180555555556
2024-12-01,1.0,12,2024,-2.4492935982947064e-16,1.0,0.0,3.0,0.0,1.0,1.6666666666666667,1.5275252316519472,0.0,1.3333333333333333,-0.45121527777777776
2025-01-01,5.0,1,2025,0.49999999999999994,0.8660254037844387,1.0,2.0,1.0,1.0,1.0,1.0000000000000007,4.0,1.4166666666666665,1.9571180555555554
2025-02-01,3.0,2,2025,0.8660254037844386,0.5000000000000001,5.0,0.0,1.0,1.0,2.0,2.6457513110645907,2.0,1.5833333333333333,1.7321180555555553
2025-03-01,0.0,3,2025,1.0,6.123233995736766e-17,3.0,1.0,3.0,0.0,3.0,2.0000000000000004,0.0,1.7916666666666665,-0.5012152777777776
2025-04-01,0.0,4,2025,0.8660254037844387,-0.49999999999999983,0.0,5.0,2.0,1.0,2.6666666666666665,2.5166114784235836,-1.0,1.9166666666666665,-1.1262152777777779
2025-05-01,0.0,5,2025,0.49999999999999994,-0.8660254037844387,0.0,3.0,0.0,0.0,1.0,1.7320508075688785,0.0,1.8333333333333333,-0.7262152777777777
2025-06-01,2.0,6,2025,1.2246467991473532e-16,-1.0,0.0,0.0,1.0,0.0,0.0,0.0,2.0,1.7916666666666665,-0.9178819444444445
